id;flow;type;actor;EN;IT
NODEL-fa753316-8cc1-4fb7-ad8c-1718630464116-e9-a4;Tutorial;Text;Tutor;Let me see if you learned: climb the stairs and get that coin!;Vediamo se avete imparato: salite le scale e prendete la moneta!
1ad6a268-a08a-44a8-a7ae-1652618922208-e9-a4;Tutorial;Text;Tutor;Welcome to the Tutorial. Touch this text to hear it in your language.;Benvenuti al Tutorial. Toccate questo testo per ascoltarlo nella vostra lingua.
NODEL-71d863bf-7fd0-454f-bde2-1740245910456;Tutorial;Text;Tutor;Use your left finger to walk.;Usate il dito sinistro per camminare.
NODEL-71d863bf-7fd0-454f-bde2-1740245910456-da-9f;Tutorial;Text;Tutor;Use your right finger to move the camera.;Usate il dito destro per muovere la telecamera.
NODEL-71d863bf-7fd0-454f-bde2-1740245910456-da-9f-78-8e;Tutorial;Text;Tutor;Use this button to jump.;Usate questo pulsante per saltare.
NODEL-71d863bf-7fd0-454f-bde2-1740245910456-da-9f-78-8e-5a-b6;Tutorial;Text;Tutor;Use this button to run.;Usare questo pulsante per correre.
NODEL-71d863bf-7fd0-454f-bde2-1740245910456-da-9f-78-8e-5a-b6-c8-ac;Tutorial;Text;Tutor;Explore all objects that have this icon.;Esplora tutti gli oggetti che hanno questa icona.
NODEL-71d863bf-7fd0-454f-bde2-1740245910456-da-9f-78-8e-5a-b6-c8-ac-ba-b1;Tutorial;Text;Tutor;This button opens the map!;Questo pulsante apre la mappa!
NODEL-71d863bf-7fd0-454f-bde2-1740245910456-da-9f-78-8e-5a-b6-c8-ac-ba-b1-18-a7;Tutorial;Text;Tutor;Take all biscuits you find. They can be useful;Prendete tutti i biscotti che trovate. Possono essere utili
NODEL-71d863bf-7fd0-454f-bde2-1740245910456-da-9f-78-8e-5a-b6-c8-ac-ba-b1-18-a7-ba-9c;Tutorial;Text;Tutor;Try to push this ball.;Cercate di spingere questa palla.
NODEL-71d863bf-7fd0-454f-bde2-1740245910456-da-9f-78-8e-5a-b6-c8-ac-79-81;Tutorial;Text;Tutor;If you get lost, follow this icon.;Se vi perdete, seguite questa icona.
1ad6a268-a08a-44a8-a7ae-1652618922208-e9-a4-6a-9d;Tutorial;Text;Tutor;Use this button to advance the dialog.;Usa questo pulsante per andare avanti.
NODEL-6c9e66a0-3468-4abc-b08e-1740322032875;Tutorial;Text;Tutor;Use this button to view the photo;Utilizzare questo pulsante per visualizzare la foto
NODEL-38c4f096-46fe-4c17-ba13-1740139400084;FR-01 Paris;Text;Tutor;Welcome to Paris;Benvenuti a Parigi
NODEL-fe28f97a-f312-4304-a955-1710891409330;FR-01 Paris;Text;Teacher;This is the entrance of The Louvre, our national museum of arts.;Questo è l'ingresso del Louvre, il nostro museo nazionale delle arti.
NODEL-4166dc79-0c63-4ce2-bbe1-1710913364361;FR-01 Paris;Text;Guide;The Eiffel Tower is 300 meters tall;La Torre Eiffel è alta 300 metri.
NODEL-5723adea-4f6c-4883-b93a-1710930693267;FR-01 Paris;Text;woman;Sure!;Certo!
NODEL-cb2a2e07-828e-4b09-aae5-1710930705800;FR-01 Paris;Text;woman;Why are you asking?;Perché me lo chiedi?
NODEL-054a099c-3b64-4154-a8b8-1712008446095;FR-01 Paris;Text;woman;Well.. it seems like a videogame, isn't it?;Beh... sembra un videogioco, non è vero?
NODEL-4166dc79-0c63-4ce2-bbe1-1710913364361-c9-aa;FR-01 Paris;Text;Guide;Hello. The ticket for the Tour Eiffel costs 3 coins.;Ciao. Il biglietto per la Tour Eiffel costa 3 monete.
NODEL-347a6af4-a8ae-4e23-b995-1710935631414;FR-01 Paris;Text;Tutor;Collect all coins!;Raccogli tutte le monete!
NODHD-2c2ce3c6-a992-4ddf-ab6b-1712008911691;FR-01 Paris;Node Header;woman;Ciao. What do you want to know?;Ciao. Cosa vuoi sapere?
NODEL-ad9f781a-fbe4-4c9f-a8bb-1712008911691;FR-01 Paris;Choice;woman;What is the Eiffel Tower?;Cos'è la Torre Eiffel?
NODEL-d7d20660-68bd-4d95-8a05-1712008940440;FR-01 Paris;Choice;woman;Where are we?;Dove siamo?
NODEL-737c811d-7a1d-485e-b0eb-1712008942785;FR-01 Paris;Choice;woman;Is this place real?;Questo posto è reale?
NODEL-f3aa4401-331a-4459-9734-1719036941721;FR-01 Paris;Choice;woman;Nothing. Bye.;Niente. Ciao.
NODEL-b4c96a33-20ea-49d8-85bb-1712008976099;FR-01 Paris;Text;woman;The famous iron tower 300 meters tall. The symbol of Paris!;La famosa torre di ferro alta 300 metri. Il simbolo di Parigi!
NODEL-8d092ee4-1ec6-4927-a7ff-1712008981954;FR-01 Paris;Text;woman;We are in Paris! the city of;Siamo a Parigi! La città di
NODEL-347a6af4-a8ae-4e23-b995-1710935631414-fb-b2;FR-01 Paris;Text;Cook;This is flour;Questa è farina
NODEL-8ab110b4-081d-43da-a59b-1712331010391;FR-01 Paris;Text;Guide;Build by Mr Eiffell in 1887;Costruita dal signor Eiffell nel 1887
NODEL-d2abdba6-3598-4227-9f06-1718630702075;FR-01 Paris;Text;Tutor;Get there as soon as possibile!;Arrivateci il prima possibile!
NODEL-063e20a2-44e3-40db-83d0-1718631089406;FR-01 Paris;Text;Tutor;I saw Antura going to the Tour Eiffel. If you don't know where to go, follow the light beam in the sky or use the map!;Ho visto Antura andare alla Tour Eiffel. Se non sai dove andare, segui il fascio di luce nel cielo o usa la mappa!
NODEL-0ef8fabd-ab1d-4909-a3da-1718640711652;FR-01 Paris;Text;Cook;Help me! Antura has messed my kitchen and i can't find the ingredients to make the Baguette, our special french bread!;Aiutatemi! Antura ha messo a soqquadro la mia cucina e non riesco a trovare gli ingredienti per fare la Baguette, il nostro speciale pane francese!
NODEL-59ce79ca-2742-4081-ab69-1718640800362;FR-01 Paris;Text;Major;I'm the Mayor of Paris. And this is the Notre Dame Cathedral;Sono il sindaco di Parigi. E questa è la Cattedrale di Notre Dame
NODEL-19388fab-c715-4e7a-a847-1718884797577;FR-01 Paris;Text;man;I'm going to work!;Vado a lavorare!
NODEL-e1f1da80-5725-4989-bd53-1718884830938;FR-01 Paris;Text;man;I'm going to buy bread at the bakery.;Vado a comprare il pane in panetteria.
NODEL-abb2227d-8d55-4144-9a4f-1718884817143-ca-b1;FR-01 Paris;Text;man;I wasn't born in this country.;Non sono nato in questo Paese.
NODEL-e1f1da80-5725-4989-bd53-1718884830938-ca-b1;FR-01 Paris;Text;man;From planet earth.;Dal pianeta Terra.
NODEL-0ef8fabd-ab1d-4909-a3da-1718640711652-2b-a9;FR-01 Paris;Text;Cook;Please bring me the 4 ingredients needed: flour, water, yeast and salt.;Per favore, portatemi i 4 ingredienti necessari: farina, acqua, lievito e sale.
NODEL-0ef8fabd-ab1d-4909-a3da-1718640711652-2b-a9-08-83;FR-01 Paris;Text;Cook;GREAT! I can now bake the Baguette. And...;GRANDE! Ora posso preparare la Baguette. E...
NODEL-7d268d3e-5238-41b7-bb6d-1719033741117;FR-01 Paris;Text;Guide;I saw Antura going up to the top of the tower. Take the elevator!;Ho visto Antura salire in cima alla torre. Prendi l'ascensore!
NODEL-984f471b-d263-4218-a1ae-1719034299546;FR-01 Paris;Text;Guide;It's made of iron!;È fatto di ferro!
NODEL-ad8b5887-450b-4fa4-8f16-1719035075174;FR-01 Paris;Text;Guide;I saw Antura going towards Notre Dame.;Ho visto Antura andare verso Notre Dame.
NODEL-70638372-397b-42a0-b61a-1719035140518;FR-01 Paris;Text;Guide;Get there!;Vai lì!
NODEL-c6e8c486-9e99-43ac-a3c2-1719035597845;FR-01 Paris;Text;Guide;Here is your ticket;Ecco il tuo biglietto
NODEL-087410aa-0e91-466d-b820-1719036335876;FR-01 Paris;Text;Major;I saw Antura run into the Louvre Museum...;Ho visto Antura correre verso il Museo del Louvre...
NODEL-8c43d347-4f31-4759-bd3a-1719036398561;FR-01 Paris;Text;Major;It's just across the Seine river;È dall'altra parte della Senna
NODHD-fbb93d22-14a9-45b5-b08d-1719037261871;FR-01 Paris;Node Header;man;Have you any questions?;Avete domande?
NODEL-92900886-bb0c-4c94-885e-1719037261871;FR-01 Paris;Choice;man;Have you seen Antura?;Hai visto Antura?
NODEL-a62486b5-a5ca-492a-9bfa-1719037277151;FR-01 Paris;Choice;man;What are you doing?;Che cosa sta facendo?
NODEL-c51e6072-8aed-4b7a-be7d-1719037286869;FR-01 Paris;Choice;man;Where do you come from?;Da dove vieni?
NODEL-1961152c-8727-437a-9597-1719040397700;FR-01 Paris;Choice;man;Goodbye;Arrivederci
NODEL-ca53bd2c-5821-4b9e-8d3c-1719040423060;FR-01 Paris;Text;man;Yes! Talk to everybody and follow the lights!;Sì! Parla con tutti e segui le luci!
NODEL-19c1e1e9-39dd-4a17-9826-1719040561585;FR-01 Paris;Text;man;No. Who is Antura?;No. Chi è Antura?
NODEL-55c6a18f-d51b-41cb-95ca-1719040849056;FR-01 Paris;Text;Major;It's our most famous gothic church, built in 1182.;È la nostra chiesa gotica più famosa, costruita nel 1182.
NODEL-4a4225a8-903b-416e-989a-1719042615181;FR-01 Paris;Text;Museum Guide;Go and find the Mona Lisa!;Andate a cercare la Monna Lisa!
NODEL-1b8b8637-5b43-4548-adab-1719042680949;FR-01 Paris;Text;Museum Guide;Painted in year 1500 by artist and scientist Leonardo Da Vinci;Dipinta nel 1500 dall'artista e scienziato Leonardo Da Vinci.
NODEL-28e3efea-e78d-4aab-9811-1719042906729;FR-01 Paris;Text;Museum Guide;You can find many sculptures and paintings.;Si possono trovare molte sculture e dipinti.
NODEL-a9e61e02-5fa3-4054-a8d4-1719043125977;FR-01 Paris;Text;Teacher;Now look for Antura! I think it went to the bakery for a baguette!;Ora cercate Antura! Credo che sia andata in panetteria a prendere una baguette!
NODEL-90feedf3-44b4-4161-800d-1719043178594;FR-01 Paris;Text;Teacher;Hurry up!;Sbrigati!
NODEL-dd6ac8f1-337d-4514-a614-1719050313176;FR-01 Paris;Text;Cook;CONGRATULATIONS! You won the game! Did you like it?;CONGRATULAZIONI! Hai vinto il gioco! Ti è piaciuto?
NODEL-347a6af4-a8ae-4e23-b995-1710935631414-fb-b2-ab-89;FR-01 Paris;Text;Cook;This is salt;Questo è sale
NODEL-347a6af4-a8ae-4e23-b995-1710935631414-fb-b2-ab-89-da-bd;FR-01 Paris;Text;Cook;This is water;Questa è l'acqua
NODEL-347a6af4-a8ae-4e23-b995-1710935631414-fb-b2-ab-89-da-bd-79-bc;FR-01 Paris;Text;Cook;This is yeast;Questo è lievito
NODEL-51e149f6-fe37-4043-b64a-1719100015746;FR-01 Paris;Text;Major;There was a big fire in 2019, but we could repair it.;Nel 2019 c'è stato un grande incendio, ma siamo riusciti a ripararlo.
NODEL-1686a93b-a2a2-4347-83a3-1719100183205;FR-01 Paris;Text;Major;Come with me up to the roof of the church!;Venite con me sul tetto della chiesa!
NODHD-2be8e0be-f84e-4d4d-9655-1719132050354;FR-01 Paris;Node Header;Museum Guide;Welcome to the Louvre Museum. What do you want do to?;Benvenuti al Museo del Louvre. Cosa vuoi fare?
NODEL-82d2e223-c052-4011-8801-1719132050353;FR-01 Paris;Choice;Museum Guide;Tell me about the Louvre;Parlami del Louvre
NODEL-59c7f14c-c6e6-4602-979f-1719132549531;FR-01 Paris;Choice;Museum Guide;Exit;Uscire
NODEL-c636cf4c-c89f-4b46-b6b3-1719132212533;FR-01 Paris;Text;Museum Guide;Come back!;Torna indietro!
NODHD-504f5b3c-6b24-4b17-a5cc-1719132513272;FR-01 Paris;Node Header;Teacher;Do you want to enter?;Vuoi entrare?
NODEL-4d0069e6-7668-4201-b4a3-1719132513271;FR-01 Paris;Choice;Teacher;Yes;Sì, sì, sì.
NODEL-600d06c5-ffb8-422b-b2d2-1719132536285;FR-01 Paris;Choice;Teacher;No;No
NODEL-347a6af4-a8ae-4e23-b995-1710935631414-fb-b2-ab-89-da-bd-49-80;FR-01 Paris;Text;Museum Guide;This is the famous Mona Lisa;Questa è la famosa Monna Lisa
NODEL-6722e661-da10-4749-92c4-1719132852926;FR-01 Paris;Text;Teacher;Good visit!;Buona visita!
NODEL-347a6af4-a8ae-4e23-b995-1710935631414-fb-b2-ab-89-da-bd-49-80-f8-af;FR-01 Paris;Text;Museum Guide;Liberty Leading the People by the French artist Eugène Delacroix represents the Freedom;La Libertà che guida il popolo, opera dell'artista francese Eugène Delacroix, rappresenta la Libertà.
NODEL-347a6af4-a8ae-4e23-b995-1710935631414-fb-b2-ab-89-da-bd-49-80-f8-af-bb-bb;FR-01 Paris;Text;Museum Guide;The Venus de Milo, an ancient Greek marble sculpture.;La Venere di Milo, un'antica scultura greca in marmo.
NODEL-3711b79d-7180-424d-a5e0-1719134955206;FR-01 Paris;Text;Teacher;Ok;Ok
NODEL-ee3200a8-e1de-4442-bf0e-1738554505395;FR-01 Paris;Text;kid_male;Hi;Ciao
NODEL-91664bda-99e5-4c5a-9c99-1738554525164;FR-01 Paris;Text;kid_male;How are you?;Come stai?
NODEL-c7cfe92b-2de5-4256-af21-1730123467818-78-bb;FR-01b Paris - Seine;Text;Tutor;This is the Sein River!;Questo è il fiume Sein!
NODEL-6151d64f-2589-455d-ac48-1730127623623-38-86-78-bb;FR-01b Paris - Seine;Text;Tutor;Thank you!;Grazie!
NODEL-1720f4eb-8563-4d52-8307-1730127141940-78-bb;FR-01b Paris - Seine;Text;Tutor;I lost 8 photos of the Sein. Can you find them all? Then come back to me!;Ho perso 8 foto del Sein. Riesci a trovarle tutte? Allora torna da me!
NODEL-24aa99f3-28b0-474a-962e-1730660461651;FR-01b Paris - Seine;Text;Tutor;This is a bridge for trains!;Questo è un ponte per i treni!
NODEL-e1debb63-6449-446a-9f90-1730677236812;FR-01b Paris - Seine;Text;Tutor;Do you know that there are 37 bridges on the Seine?;Lo sai che ci sono 37 ponti sulla Senna?
NODEL-6151d64f-2589-455d-ac48-1730127623623-78-bb-b9-ba;FR-01b Paris - Seine;Text;Tutor;Keep searching for the photos!;Continua a cercare le foto!
NODEL-24aa99f3-28b0-474a-962e-1730660461651-7b-ac;FR-01b Paris - Seine;Text;Tutor;This is a bridge for cars!;Questo è un ponte per le auto!
NODEL-24aa99f3-28b0-474a-962e-1730660461651-7b-ac-3a-ac;FR-01b Paris - Seine;Text;Tutor;This is a bridge for the people!;Questo è un ponte per le persone!
NODEL-24aa99f3-28b0-474a-962e-1730660461651-69-87;FR-01b Paris - Seine;Text;Tutor;This boat has large windows, so tourista can see the city! it's a bâteaux mouches;Questo battello ha grandi finestre, così i turisti possono vedere la città! È un bâteaux mouches
NODEL-24aa99f3-28b0-474a-962e-1730660461651-69-87-89-89;FR-01b Paris - Seine;Text;Tutor;<br>This boat is a house! People live here!;<br>Questa barca è una casa! Le persone vivono qui!
NODEL-24aa99f3-28b0-474a-962e-1730660461651-69-87-89-89-e8-b5;FR-01b Paris - Seine;Text;Tutor;This boat transports goods;Questo battello trasporta merci
NODEL-992e6a6a-8025-4b10-96b0-1730680306658;FR-01b Paris - Seine;Text;Tutor;Now look at this map or the Seine;Ora guardate questa mappa della Senna
NODHD-b0e2deca-d54c-4683-9f49-1730680394263;FR-01b Paris - Seine;Node Header;Tutor;The Seine is a river which flows into a sea, which one?;La Senna è un fiume che sfocia in un mare, quale?
NODEL-ab459983-32e0-439e-8210-1730680394261;FR-01b Paris - Seine;Choice;Tutor;The Mediterranean Sea;Il Mar Mediterraneo
NODEL-740cd7f3-a305-4045-ac16-1730680430456;FR-01b Paris - Seine;Choice;Tutor;The English Channel;Il Canale della Manica
NODEL-cff4a20e-fbbe-4818-add4-1739119029895;FR-01b Paris - Seine;Choice;Tutor;The Atlantic Ocean;L'Oceano Atlantico
NODEL-0fcf2265-3a91-45bd-a2d7-1730680459166;FR-01b Paris - Seine;Text;Tutor;YES! The Seine flows into the English Channel, north of France;SÌ! La Senna sfocia nel Canale della Manica, a nord della Francia.
NODEL-0fcf2265-3a91-45bd-a2d7-1730680459166-19-ae;FR-01b Paris - Seine;Text;Tutor;UHMMMM. not really. Look better at the map;UHMMMM. non proprio. Guarda meglio la mappa
NODEL-715ac5c0-0b0a-4559-8b70-1730680551229;FR-01b Paris - Seine;Text;Tutor;Great: you finished this level.;Ottimo: hai finito questo livello.
NODEL-c05bace0-7e4d-48b2-bece-1730680712522;FR-01b Paris - Seine;Text;man;I would love to ride a train!;Mi piacerebbe andare in treno!
NODEL-c05bace0-7e4d-48b2-bece-1730680712522-88-b9;FR-01b Paris - Seine;Text;man;No i didn't see your dog;No, non ho visto il tuo cane
NODEL-e16db791-2a41-4977-bd15-1730785566369;FR-01b Paris - Seine;Text;man;A dog? there are many dogs here...;Un cane? Ci sono molti cani qui...
NODEL-c93255f3-a21e-4632-99ca-1730785590315;FR-01b Paris - Seine;Text;man;I saw a dog walking around, yes;Ho visto un cane che passeggiava, sì
NODEL-556d5d22-bfcd-4f31-b4d4-1730785640110;FR-01b Paris - Seine;Text;Tutor;The river Seine flows through Paris.;La Senna attraversa Parigi.
NODEL-f9e0d913-e26d-422a-9355-1730785871053;FR-01b Paris - Seine;Text;Tutor;Many people live by this river;Molte persone vivono lungo questo fiume
NODEL-24aa99f3-28b0-474a-962e-1730660461651-69-87-89-89-e8-b5-89-b3;FR-01b Paris - Seine;Text;Tutor;Look how nice!;Guarda che bello!
NODEL-24aa99f3-28b0-474a-962e-1730660461651-69-87-89-89-e8-b5-89-b3-9b-96;FR-01b Paris - Seine;Text;Tutor;<br>There are many boats;<br>Ci sono molte barche
NODEL-d4bc4850-0625-43b7-ad6b-1739116353752;FR-01b Paris - Seine;Text;woman;"Look: there is an island. ""île de la cité"". It is the historic centre of Paris.";"Guardate: c'è un'isola. ""île de la cité"". È il centro storico di Parigi."
NODEL-eacf53ee-9aff-488d-a46f-1739118445009;FR-01b Paris - Seine;Text;woman;This is Pont Alexandre III: an historic monument;Questo è il Pont Alexandre III: un monumento storico.
NODEL-1c708aef-9aec-40db-b294-1739119065536;FR-01b Paris - Seine;Text;Tutor;In this map: name the monuments you recognized.;In questa mappa: nominate i monumenti che avete riconosciuto.
NODEL-0f62995d-1acd-4a50-9450-1739119231995;FR-01b Paris - Seine;Text;Tutor;Draw a bridge in your notebook! Do you remember the Pont Alexandre 3?;Disegnate un ponte sul vostro quaderno! Ti ricordi il Pont Alexandre 3?
NODEL-a49069d3-3bd0-4df3-bf34-1711465810762;FR-02 Angers;Text;woman;bring cake to your 3 brothers, then go to your school;porta la torta ai tuoi 3 fratelli, poi vai a scuola
NODEL-ed62b69e-1e93-4c59-b6dd-1711465835401;FR-02 Angers;Text;kid_male;This is the high school (lycee) for kids from 16 to 18 years;Questa è la scuola superiore (lycee) per ragazzi dai 16 ai 18 anni
NODEL-592a2e48-c077-4bf0-ad2c-1728494807998;FR-02 Angers;Text;Tutor;This is the school portal (le portail);Questo è il portale della scuola (le portail)
NODEL-d73224cd-34d7-4e2f-bcf7-1730699412299;FR-02 Angers;Text;woman;and bring cake to your 3 brothers;e porta la torta ai tuoi 3 fratelli
NODEL-ed62b69e-1e93-4c59-b6dd-1711465835401-d8-b5;FR-02 Angers;Text;kid_female;This is a collège for kids from 11 to 15 years;Questo è un collège per ragazzi dagli 11 ai 15 anni
NODEL-ed62b69e-1e93-4c59-b6dd-1711465835401-d8-b5-1b-bd;FR-02 Angers;Text;kid_male;This is a primary school for young kids from 3 to 5 years;Questa è una scuola elementare per bambini dai 3 ai 5 anni
NODEL-abc4e189-e836-46ef-887d-1730699764129;FR-02 Angers;Text;Teacher;Here you are in your classroom!;Eccovi nella vostra classe!
NODEL-abc4e189-e836-46ef-887d-1730699764129-8a-a7;FR-02 Angers;Text;woman;Thank you! The class is at the playground having morning playtime (récréation);Grazie! La classe è al parco giochi per la ricreazione mattutina (récréation)
NODEL-abc4e189-e836-46ef-887d-1730699764129-8a-a7-19-99;FR-02 Angers;Text;Teacher;Thank you! this is the third class;Grazie! Questa è la terza classe
NODEL-abc4e189-e836-46ef-887d-1730699764129-8a-a7-19-99-09-a8;FR-02 Angers;Text;woman;Thank you! this is the second class;Grazie! Questa è la seconda classe
NODEL-abc4e189-e836-46ef-887d-1730699764129-8a-a7-19-99-09-a8-fa-9b;FR-02 Angers;Text;Teacher;Thank you! this is the first class;Grazie! Questa è la prima classe
NODEL-abc4e189-e836-46ef-887d-1730699764129-7a-be;FR-02 Angers;Text;Major;Welcome to your school!;Benvenuti nella vostra scuola!
NODEL-90eae62e-07eb-4998-8310-1730699885900;FR-02 Angers;Text;Major;Can you please give these papers to all the 5 teachers?;Potete dare questi fogli a tutti e 5 gli insegnanti?
NODEL-abc4e189-e836-46ef-887d-1730699764129-8a-a7-68-a3;FR-02 Angers;Text;woman;Yes we do morning playtime every day!;Sì, facciamo la ricreazione mattutina tutti i giorni!
NODEL-84fbf12d-ada8-49b1-9bb2-1730700257661;FR-02 Angers;Text;Teacher;Antura is here to study with you!;Antura è qui per studiare con voi!
NODEL-abc4e189-e836-46ef-887d-1730699764129-7a-be-08-8b;FR-02 Angers;Text;Major;Thank you! now you can go back to your class. the 5A;Grazie! Ora potete tornare nella vostra classe. la 5A
NODEL-21cc22d6-0828-4640-afab-1730787928213;FR-02 Angers;Text;Teacher;We studying the alphabet;Studiamo l'alfabeto
NODEL-8d314fd6-d666-492f-9607-1730787947062;FR-02 Angers;Text;woman;we learning to write;impariamo a scrivere
NODEL-f95e283e-768f-4823-affa-1730787977571;FR-02 Angers;Text;woman;we watch a movie about celtics with Asterix and Obelix: do you know them?;guardiamo un film sui celti con Asterix e Obelix: li conoscete?
NODEL-84fbf12d-ada8-49b1-9bb2-1730700257661-ca-a0;FR-02 Angers;Text;Teacher;Thank you! this is the fifth class;Grazie! Questa è la quinta classe
NODEL-592a2e48-c077-4bf0-ad2c-1728494807998-5b-90;FR-02 Angers;Text;Tutor;Here are all our classes. How old are you?;Ecco tutte le nostre classi. Quanti anni hai?
NODEL-ab654cf9-beef-44d9-acbc-1730801462783;FR-02 Angers;Text;Teacher;Now you are old enough. From now on you have to bring your schoolbag;Ora sei abbastanza grande. D'ora in poi dovrete portare il vostro zainetto.
NODEL-f62e6819-bf0e-4f88-8e1e-1730700373238;FR-03 Nantes;Text;Tutor;This is Jules Verne! He was a WRITER;Questo è Jules Verne! Era uno scrittore
NODEL-1d320e32-1318-4def-90a1-1730701124390;FR-03 Nantes;Text;Tutor;He was born in Nantes in 1828;È nato a Nantes nel 1828
NODEL-6ee86be0-4091-4080-a274-1730701185448;FR-03 Nantes;Text;Tutor;This is the map on Nantes;Questa è la mappa di Nantes
NODEL-c1cda02f-fdc1-4372-a1a3-1711465867579-2b-a8-19-a8;FR-03 Nantes;Text;Museum Guide;Welcome to the house of Jules Verne!;Benvenuti nella casa di Jules Verne!
NODEL-d89ee8eb-e5bd-4c99-84c1-1730700360352;FR-03 Nantes;Text;Museum Guide;Explore the house and find FOUR of his books!;Esplora la casa e trova QUATTRO dei suoi libri!
NODEL-476eb9ee-f4e4-46c2-bbba-1730701006089;FR-03 Nantes;Text;Museum Guide;GREAT! You met Jules Verne, the most famous writer of sci-fiction!;GRANDE! Avete incontrato Jules Verne, il più famoso scrittore di fantascienza!
NODEL-6c9acdb3-fb1f-4a91-ba54-1730700903283;FR-03 Nantes;Text;Tutor;This is an old train;Questo è un vecchio treno
NODEL-a49069d3-3bd0-4df3-bf34-1711465810762-2b-a8-19-a8;FR-03 Nantes;Text;Tutor;"This book is ""Around the World in 80 Days""";"Questo libro è ""Il giro del mondo in 80 giorni""."
NODEL-ff0574b6-bff3-49c9-9918-1730700785355;FR-03 Nantes;Text;Tutor;This is a space rocket;Questo è un razzo spaziale
NODEL-a49069d3-3bd0-4df3-bf34-1711465810762-2b-a8-19-a8-ba-b1;FR-03 Nantes;Text;Tutor;"This book is ""From earth to the Moon""";"Questo libro è ""Dalla Terra alla Luna""."
NODEL-8854e1ad-5575-4b2c-a175-1730700720785;FR-03 Nantes;Text;Tutor;This is a submarine;Questo è un sottomarino
NODEL-ed62b69e-1e93-4c59-b6dd-1711465835401-2b-a8-19-a8;FR-03 Nantes;Text;Tutor;This book is Twenty Thousand Leagues Under the Seas;"Questo libro è ""Ventimila leghe sotto i mari"
NODEL-a7e6a44d-60f3-4106-a4b3-1730700614425;FR-03 Nantes;Text;Tutor;This is a Balloon. It flies by hot air.;Questo è un pallone aerostatico. Vola con l'aria calda.
NODEL-c1cda02f-fdc1-4372-a1a3-1711465867579-08-ad-2b-a8-19-a8;FR-03 Nantes;Text;Tutor;this book is Five Weeks in a Balloon;questo libro è Cinque settimane in mongolfiera
NODEL-c1cda02f-fdc1-4372-a1a3-1711465867579-08-ad-2b-a8-5b-91;FR-04 Le Mans;Text;man;This is the race of Le Mans;--- to be translated ---
NODEL-c1cda02f-fdc1-4372-a1a3-1711465867579-08-ad-2b-a8;FR-04 Le Mans;Text;man;Cars are very fast!;--- to be translated ---
NODEL-d77b2ae3-62dd-4524-b40b-1730701346118;FR-04 Le Mans;Text;man;Only adults can drive them.;--- to be translated ---
NODEL-103a91dc-17c4-43d2-97f3-1730701540291;FR-04 Le Mans;Text;Guide;The race is finished. Go back home by train!;--- to be translated ---
NODEL-d9b2b2dd-0415-445c-acad-1730789250882;FR-04 Le Mans;Text;man;BUT PAY ATTENTION!;--- to be translated ---
NODEL-a49069d3-3bd0-4df3-bf34-1711465810762-2b-a8;FR-04 Le Mans;Text;Tutor;At the STOP sign you ALWAYS have to stop. ALWAYS;--- to be translated ---
NODEL-3b3cd804-0a0b-4410-a7e9-1730789296213;FR-04 Le Mans;Text;Tutor;you didn't pay attention! retry!;--- to be translated ---
NODEL-4763c152-353c-41a5-9c2c-1730701753588;FR-04 Le Mans;Text;Tutor;They are TRIANGLE;--- to be translated ---
NODEL-a49069d3-3bd0-4df3-bf34-1711465810762-2b-a8-d9-b3;FR-04 Le Mans;Text;Tutor;at the DANGER sign you have to pay attention;--- to be translated ---
NODEL-488b0324-34e9-49ac-a179-1730701841640;FR-04 Le Mans;Text;Tutor;YELLOW: SLOW DOWN;--- to be translated ---
NODEL-bdfe4814-5757-4232-b050-1730701843528;FR-04 Le Mans;Text;Tutor;GREEN: GO!;--- to be translated ---
NODEL-3fc9fa4d-ab1c-4bde-8e44-1730701839323;FR-04 Le Mans;Text;Tutor;RED: STOP;--- to be translated ---
NODEL-a49069d3-3bd0-4df3-bf34-1711465810762-2b-a8-d9-b3-09-bb;FR-04 Le Mans;Text;Tutor;at the TRAFFIC LIGHTS you must follow the color;--- to be translated ---
NODEL-a49069d3-3bd0-4df3-bf34-1711465810762-2b-a8-d9-b3-09-bb-aa-87;FR-04 Le Mans;Text;Tutor;at the ZEBRA CROSSING you ALWAYS must stop to let people cross the street;--- to be translated ---
NODEL-f0672959-47d7-4683-a826-1730701983386;FR-05 Castles;Text;Guide;Antura ran away and is hidden in a castle!;--- to be translated ---
NODEL-f0672959-47d7-4683-a826-1730701983386-0a-b3;FR-05 Castles;Text;Museum Guide;This is the castle of Chinon;--- to be translated ---
NODEL-f0672959-47d7-4683-a826-1730701983386-0a-b3-1a-a8;FR-05 Castles;Text;Museum Guide;Welcome to castle Chambord;--- to be translated ---
NODEL-9d96ed7f-baa9-466f-98f0-1730702040108;FR-05 Castles;Text;Museum Guide;Go find all the clothes of the knight: helmet, sword, bow, armor;--- to be translated ---
NODEL-9045d1cc-847a-4611-b8f9-1730702082173;FR-05 Castles;Text;Museum Guide;Go find all the clothes of the Prince: hat, musical instrument, dance shoes, ball mask;--- to be translated ---
NODHD-abf1434c-4bd4-4450-a8c6-1730701983388-ba-9d;FR-05 Castles;Node Header;Guide;Did you find Antura?;--- to be translated ---
NODEL-f0672959-47d7-4683-a826-1730701983386-ba-9d;FR-05 Castles;Choice;Guide;YES;--- to be translated ---
NODEL-da832ddb-67bd-4402-bf4f-1730702140014;FR-05 Castles;Choice;Guide;NO;--- to be translated ---
NODEL-88351988-d7cc-4010-9819-1730702147104;FR-05 Castles;Text;Museum Guide;Did you like the castles? There are 200 castles like this here on the Loire!;--- to be translated ---
NODEL-9d96ed7f-baa9-466f-98f0-1730702040108-aa-8b;FR-05 Castles;Text;Museum Guide;A draw-bridge is a type of moveable bridge used in castles;--- to be translated ---
NODEL-9d96ed7f-baa9-466f-98f0-1730702040108-aa-8b-cb-8e;FR-05 Castles;Text;Museum Guide;A parapet with gaps or indentations used for defence;--- to be translated ---
NODEL-0df01d96-8537-4229-9636-1730789682700;FR-05 Castles;Text;Tutor;an helmet;--- to be translated ---
NODEL-ec9980e3-af34-43b1-90e9-1730789741784;FR-05 Castles;Text;Tutor;hat;--- to be translated ---
NODEL-0df01d96-8537-4229-9636-1730789682700-38-bd;FR-05 Castles;Text;Tutor;sword;--- to be translated ---
NODEL-0df01d96-8537-4229-9636-1730789682700-38-bd-4a-92;FR-05 Castles;Text;Tutor;bows and arrow;--- to be translated ---
NODEL-0df01d96-8537-4229-9636-1730789682700-38-bd-4a-92-ba-b8;FR-05 Castles;Text;Tutor;this;--- to be translated ---
NODEL-1709e9b6-fc1d-4e69-b0b0-1730790820070;FR-05 Castles;Text;Museum Guide;;--- to be translated ---
NODEL-9d96ed7f-baa9-466f-98f0-1730702040108-89-98;FR-05 Castles;Text;Museum Guide;This castle is used for defense.;--- to be translated ---
NODEL-9d96ed7f-baa9-466f-98f0-1730702040108-89-98-0a-8d;FR-05 Castles;Text;Museum Guide;It is very old;--- to be translated ---
NODEL-4b0b8cab-b49a-46d0-97ef-1730791139071;FR-05 Castles;Text;Museum Guide;This castle is a castle where kings and princes organize balls, plays, concerts and invite their friends;--- to be translated ---
NODEL-ec9980e3-af34-43b1-90e9-1730789741784-c9-83;FR-05 Castles;Text;Tutor;musical instrument;--- to be translated ---
NODEL-ec9980e3-af34-43b1-90e9-1730789741784-c9-83-98-94;FR-05 Castles;Text;Tutor;dance shoe;--- to be translated ---
NODEL-ec9980e3-af34-43b1-90e9-1730789741784-c9-83-98-94-8a-9d;FR-05 Castles;Text;Tutor;ball mask;--- to be translated ---
NODEL-ec9980e3-af34-43b1-90e9-1730789741784-4a-9a;FR-05 Castles;Text;Tutor;this is the map of the castle;--- to be translated ---
NODEL-ec9980e3-af34-43b1-90e9-1730789741784-4a-9a-38-9d;FR-05 Castles;Text;Tutor;what a room!;--- to be translated ---
NODEL-ec9980e3-af34-43b1-90e9-1730789741784-4a-9a-38-9d-8b-8b;FR-05 Castles;Text;Tutor;it's very nice!;--- to be translated ---
NODEL-779d88be-4698-488d-8899-1730702509657;FR-06a Carnac & Menhirs;Text;Guide;The menhirs are in disarray! How can we fix them? If only we had the power of Obelix!;--- to be translated ---
NODEL-634e7c43-b6f1-4a15-b6fa-1730703652888;FR-08 Mont Blanc & Mountains;Text;Tutor;You have to go up the Mont Blanc, the highest mountain in Europe;--- to be translated ---
NODEL-0a16fb40-9155-448f-8c29-1730703681398;FR-08 Mont Blanc & Mountains;Text;Tutor;and put the 3 flags correctly;--- to be translated ---
NODEL-a5caffdc-cfde-4ec5-8ce9-1730703723327;FR-08 Mont Blanc & Mountains;Text;Tutor;;--- to be translated ---
NODEL-68f4d90a-3657-418a-a83d-1730703737733;FR-08 Mont Blanc & Mountains;Text;Tutor;;--- to be translated ---
NODEL-32dd0ede-2f53-4b37-ab46-1730703796970;FR-08 Mont Blanc & Mountains;Text;Tutor;;--- to be translated ---
NODEL-11e5b007-8de0-4f80-b970-1730702630595;FR-09 Cotes Dazur;Text;Guide;;--- to be translated ---
NODEL-4d032c1c-cd9b-4f59-9378-1730702654508;FR-09 Cotes Dazur;Text;man;I sell cheese and milk. I'm a cheesemonger;--- to be translated ---
NODEL-4d032c1c-cd9b-4f59-9378-1730702654508-9a-b7;FR-09 Cotes Dazur;Text;man;I sell meat. I'm a butcher.;--- to be translated ---
NODEL-4d032c1c-cd9b-4f59-9378-1730702654508-9a-b7-f9-b7;FR-09 Cotes Dazur;Text;man;I sell fruits and vegetables. I'm a greengrocer.;--- to be translated ---
NODEL-4d032c1c-cd9b-4f59-9378-1730702654508-78-a0;FR-09 Cotes Dazur;Text;man;We sell bread. We are bakers.;--- to be translated ---
NODEL-4d032c1c-cd9b-4f59-9378-1730702654508-2a-9f;FR-09 Cotes Dazur;Text;man;I sell ice cream. I'm an ice-cream maker.;--- to be translated ---
NODEL-4d032c1c-cd9b-4f59-9378-1730702654508-2a-9f-39-9b;FR-09 Cotes Dazur;Text;man;I sell fish. I'm a fishmonger.;--- to be translated ---
NODEL-4d032c1c-cd9b-4f59-9378-1730702654508-2a-9f-6b-bb;FR-09 Cotes Dazur;Text;man;I sell pepper, salt, huile and spices. I'm a grocer.;--- to be translated ---
NODEL-4d032c1c-cd9b-4f59-9378-1730702654508-2a-9f-6b-bb-09-a8;FR-09 Cotes Dazur;Text;man;I paint pictures. I am a painter.;--- to be translated ---
NODEL-6dc1581c-bd19-48d5-b5f8-1730703332905;FR-09 Cotes Dazur;Text;man;Maison de Cézanne à L'Estaque;--- to be translated ---
NODEL-25133112-828a-486d-a4e0-1730703463224;FR-09 Cotes Dazur;Text;man;Van Gogh;--- to be translated ---
NODEL-284e219a-de7f-48fd-bf34-1730703502717;FR-09 Cotes Dazur;Text;man;Henri Matisse | La cheminée du Roi, Marseille (1918);--- to be translated ---
NODEL-89305155-c398-4596-9c2e-1730703586181;FR-09 Cotes Dazur;Text;man;FRENCH COASTLINES;--- to be translated ---
NODEL-77392788-1d8b-4070-be9f-1728494736516-f8-b5;dev;Text;Tutor;the door open and closes;apri e chiudi la porta
NODEL-bb310a96-0d34-4456-a89e-1728494905481-f8-b5;dev;Text;Tutor;Now you have {$TOTAL_COINS} coins! and i close the door;Ora hai {$TOTAL_COINS} monete! e chiudo la porta.
NODEL-dab0f50e-8802-4415-ba6f-1728504030509-f8-b5;dev;Text;Teacher;Tutorial Isolated Node;Un bel nodo isolato
NODEL-80faedc9-81a9-4476-b9fd-1737105927808-f8-b5;dev;Text;Teacher;this is a sign, I open the door;Questo è un cartello. e ora apro la porta
NODEL-e8309dba-17fe-4c91-b4cb-1737109547821-f8-b5;dev;Text;Tutor;I'll give you 100 coins.;Ti darò 100 monete
NODHD-4e24b0b3-0934-4259-b464-1737549888618-f8-b5;dev;Node Header;Guide;QUIZ: calculate 3*2;QUIZ: calcola 3*2
NODEL-58b56a4b-c15b-4825-8f51-1737549888618-f8-b5;dev;Choice;Guide;It's 4;Fa 4
NODEL-df537116-c1c0-42b7-88f6-1737549925972-f8-b5;dev;Choice;Guide;It's 6;Fa 6
NODEL-13d80335-6c8b-4d22-8253-1737549928281-f8-b5;dev;Choice;Guide;It's 8;Fa 8
NODEL-261190c7-1cab-4f42-af1e-1737550113617-f8-b5;dev;Text;Guide;YES!;Ottimo
NODHD-6fd15267-9e28-4bbb-ab59-1737641167184-f8-b5;dev;Node Header;Guide;No. Do you want to try again?;No. Vuoi riprovare?
NODEL-e888838c-8df4-4916-ac62-1737550123064-f8-b5;dev;Choice;Guide;Yes;Si
NODEL-ba87b95b-779a-48fb-afa0-1737641182714-f8-b5;dev;Choice;Guide;No;--- to be translated ---
1ad6a268-a08a-44a8-a7ae-1652618922208-e9-a4-69-b6-f8-b5;dev;Text;Teacher;Sequence Line 1;--- to be translated ---
NODEL-a0181381-b53d-4126-8d9c-1737557093303-69-b6-f8-b5;dev;Text;Teacher;Sequence Line 2;--- to be translated ---
NODEL-dfc91972-762e-47e2-b545-1737557106087-69-b6-f8-b5;dev;Text;Teacher;Sequence Line 3;--- to be translated ---
1ad6a268-a08a-44a8-a7ae-1652618922208-e9-a4-69-b6-49-94-f8-b5;dev;Text;Teacher;Smart random Line 1;--- to be translated ---
NODEL-a0181381-b53d-4126-8d9c-1737557093303-69-b6-49-94-f8-b5;dev;Text;Teacher;Smart random Line 2;--- to be translated ---
NODEL-dfc91972-762e-47e2-b545-1737557106087-69-b6-49-94-f8-b5;dev;Text;Teacher;Smart random Line 3;--- to be translated ---
NODEL-6fc43837-e32d-4f7c-8922-1737641114014-f8-b5;dev;Text;Guide;Goodbye;Arrivederci
